id1,id2,since
405,1439,07/07/2013
852,1691,31/05/2010
412,1996,18/05/2011
5,1404,21/12/2011
259,1426,30/12/2011
527,1525,30/09/2011
115,1289,08/10/2012
772,1667,03/03/2012
308,1661,08/05/2010
263,1156,30/10/2015
915,1636,21/06/2011
324,1362,25/06/2011
152,1345,27/03/2012
594,1740,14/03/2014
759,1860,15/05/2015
682,1292,02/10/2014
438,1489,24/06/2011
196,1674,31/10/2010
956,1628,29/02/2016
367,1071,17/02/2011
171,1605,02/12/2014
108,1317,23/03/2012
878,1727,01/05/2012
557,1341,26/02/2016
1,1355,09/02/2016
190,1108,04/10/2013
578,1887,16/07/2012
290,1118,27/07/2015
854,1309,17/08/2012
965,1633,05/02/2016
355,1792,06/08/2013
170,1212,04/12/2014
827,1090,17/09/2011
566,1049,06/08/2013
832,1955,31/05/2011
363,1220,01/06/2014
433,1487,25/06/2013
149,1503,16/03/2015
318,1820,06/12/2012
909,1037,10/07/2015
455,1295,07/12/2010
255,1036,09/10/2012
705,1723,05/05/2010
630,1549,11/06/2010
789,1322,04/04/2014
257,1218,27/08/2011
861,1494,28/06/2014
974,1112,01/11/2011
421,1810,14/08/2014
398,1915,09/04/2012
349,1079,14/07/2011
515,1109,25/07/2012
728,1095,21/09/2015
466,1794,03/08/2011
729,1634,13/07/2010
508,1522,02/09/2010
549,1573,15/06/2012
194,1951,13/07/2011
587,1616,12/03/2012
839,1081,28/08/2012
1000,1930,27/11/2010
536,1600,07/10/2014
909,1763,10/02/2016
44,1503,20/07/2015
208,1042,26/11/2015
373,1385,27/06/2015
343,1006,26/09/2015
122,1150,19/10/2010
609,1989,20/07/2014
62,1784,29/03/2014
483,1069,27/10/2012
509,1180,04/03/2016
207,1924,19/06/2010
745,1324,12/04/2011
95,1564,17/01/2012
907,1038,20/12/2012
832,1723,23/10/2012
473,1906,19/11/2012
807,1153,30/12/2015
27,1768,07/12/2011
845,1204,24/08/2015
757,1479,26/04/2011
727,1399,10/04/2015
496,1455,23/02/2012
388,1342,18/09/2010
329,1998,10/06/2010
606,1366,28/04/2013
957,1608,21/01/2015
286,1050,27/01/2016
501,1583,31/08/2011
206,1827,06/04/2016
142,1656,13/12/2013
91,1627,16/06/2015
933,1721,12/06/2013
39,1894,05/09/2011
874,1945,10/06/2011
39,1528,17/10/2014
239,1520,28/09/2015
586,1890,19/01/2012
437,1652,29/06/2010
721,1246,05/05/2011
154,1957,01/01/2012
849,1003,10/09/2012
636,1974,11/02/2016
956,1712,17/12/2015
326,1837,11/09/2013
534,1021,25/03/2011
422,1510,28/09/2015
605,1200,02/12/2010
242,1969,26/06/2012
577,1837,02/07/2014
345,1224,26/01/2015
986,1900,30/07/2011
664,1599,16/12/2013
269,1921,17/01/2013
948,1712,01/06/2013
575,1365,02/12/2014
683,1706,11/10/2015
535,1366,03/12/2014
525,1788,17/08/2012
311,1436,06/09/2012
82,1882,17/04/2013
623,1920,27/06/2011
243,1677,16/04/2010
437,1528,30/03/2016
32,1885,20/03/2014
16,1802,16/01/2012
371,1807,08/03/2011
511,1210,18/06/2013
846,1547,04/10/2010
894,1251,31/05/2013
788,1991,04/03/2012
859,1636,13/12/2011
654,1856,28/11/2011
318,1090,25/11/2011
164,1115,12/01/2012
749,1907,16/12/2013
473,1617,30/04/2010
80,1823,08/07/2012
414,1819,13/02/2012
715,1016,17/04/2013
186,1018,21/04/2010
27,1570,03/12/2011
650,1298,07/02/2011
866,1021,27/06/2014
674,1650,07/07/2011
45,1592,02/01/2016
909,1761,10/03/2013
390,1084,23/03/2012
681,1055,14/06/2011
48,1010,23/03/2013
529,1410,02/10/2013
776,1270,04/02/2016
155,1455,10/08/2010
649,1009,04/05/2015
981,1129,20/08/2015
275,1209,24/02/2015
412,1157,06/12/2014
67,1895,06/03/2015
319,1276,01/02/2011
757,1612,26/06/2015
905,1176,14/04/2013
427,1342,24/02/2015
487,1915,25/02/2015
802,1799,02/10/2013
772,1708,27/05/2010
45,1803,01/02/2012
743,1431,07/10/2013
654,1303,02/12/2014
953,1619,21/08/2012
815,1514,10/07/2012
294,1523,16/02/2012
297,1464,22/07/2012
574,1058,10/03/2015
423,1049,14/01/2012
243,1096,26/02/2014
609,1603,29/04/2012
415,1062,09/12/2011
403,1759,20/06/2011
775,1348,27/03/2014
338,1416,11/03/2012
538,1973,19/12/2011
752,1575,01/07/2014
855,1969,14/10/2014
611,1602,30/03/2016
724,1431,22/09/2011
756,1261,13/11/2012
4,1909,22/09/2013
197,1754,08/09/2014
626,1858,07/01/2013
285,1027,05/09/2011
364,1394,16/04/2010
750,1957,31/08/2014
502,1708,09/01/2013
805,1229,14/01/2015
45,1542,23/01/2015
674,1358,07/07/2015
905,1918,20/10/2010
298,1340,22/07/2013
1,1616,11/08/2012
26,1398,24/02/2015
951,1892,11/05/2012
792,1080,20/01/2016
295,1915,02/12/2013
339,1075,09/11/2014
223,1661,10/07/2012
199,1718,20/01/2014
718,1297,16/07/2010
76,1129,05/07/2015
651,1817,07/06/2012
521,1737,07/01/2014
66,1091,26/02/2015
973,1718,05/06/2014
366,1432,25/07/2015
555,1535,11/01/2012
166,1451,14/05/2015
244,1413,21/06/2012
832,1894,27/04/2014
559,1407,25/05/2011
248,1346,09/12/2012
86,1199,12/10/2010
19,1970,01/07/2013
2,1825,14/06/2013
750,1104,29/04/2014
373,1434,30/04/2013
41,1255,06/08/2014
795,1735,12/01/2013
549,1663,11/10/2014
637,1662,09/12/2015
780,1821,08/07/2013
325,1970,31/12/2011
599,1606,25/04/2011
951,1509,10/10/2014
120,1857,12/04/2014
686,1250,06/10/2015
626,1858,21/11/2015
475,1540,30/05/2010
367,1788,03/04/2016
959,1885,19/03/2016
210,1493,14/10/2010
14,1749,16/02/2016
969,1245,06/02/2014
588,1197,02/12/2015
103,1901,29/10/2014
404,1737,15/12/2012
284,1716,24/03/2013
465,1682,01/12/2013
509,1874,20/05/2014
411,1860,24/12/2014
505,1669,10/09/2015
469,1251,08/01/2011
196,1076,08/01/2015
54,1811,23/02/2011
243,1680,20/09/2011
957,1083,18/01/2014
511,1262,02/06/2010
779,1017,23/06/2014
398,1878,23/04/2014
950,1226,01/04/2014
10,1298,03/09/2011
14,1372,08/01/2014
116,1930,26/01/2013
253,1567,15/05/2015
299,1868,06/04/2011
41,1441,19/06/2013
176,1520,20/05/2014
449,1608,17/01/2015
514,1965,29/06/2013
93,1543,29/11/2011
854,1504,15/02/2014
943,1658,24/10/2014
76,1786,11/03/2011
962,1806,08/06/2011
414,1838,26/11/2012
211,1006,22/12/2013
662,1822,19/07/2013
251,1786,17/06/2014
82,1078,24/05/2010
192,1223,25/01/2012
725,1503,27/06/2010
360,1430,28/02/2014
658,1477,06/01/2012
145,1807,09/05/2015
654,1302,14/04/2015
884,1981,04/09/2010
656,1222,12/05/2014
225,1255,24/04/2015
143,1764,04/09/2010
302,1691,18/09/2014
454,1226,11/05/2012
298,1265,15/07/2014
399,1713,06/02/2014
410,1442,02/06/2013
573,1497,17/08/2013
330,1867,06/09/2015
264,1473,19/09/2013
206,1309,05/03/2011
225,1656,19/02/2013
414,1359,18/03/2011
937,1539,28/10/2011
574,1075,22/11/2013
466,1996,20/09/2011
398,1377,03/08/2012
909,1787,22/10/2012
929,1002,03/04/2015
479,1449,28/12/2012
960,1584,06/04/2016
13,1144,01/02/2011
364,1864,29/11/2013
312,1637,06/01/2016
63,1643,12/12/2011
555,1107,19/11/2011
324,1043,08/04/2015
223,1587,26/04/2013
41,1321,15/05/2011
335,1067,27/03/2014
694,1783,10/04/2015
769,1500,03/12/2015
223,1347,24/01/2013
262,1622,21/12/2010
590,1273,16/08/2011
182,1680,08/03/2013
680,1598,05/10/2011
778,1761,16/05/2015
745,1678,17/10/2010
462,1887,26/08/2013
531,1826,07/01/2016
787,1503,14/12/2012
907,1153,05/03/2014
318,1921,01/09/2011
856,1380,23/03/2015
741,1276,02/10/2011
232,1091,05/04/2011
945,1396,02/03/2015
361,1994,03/04/2016
916,1041,04/04/2015
809,1467,11/01/2011
290,1991,05/12/2013
594,1180,14/05/2013
302,1994,06/01/2013
728,1182,21/12/2012
245,1800,25/12/2010
476,1410,06/01/2016
239,1158,15/09/2013
596,1524,11/09/2013
926,1032,23/06/2014
220,1539,12/10/2012
291,1062,24/12/2015
29,1132,20/05/2013
268,1801,08/09/2014
808,1852,13/05/2010
668,1164,06/05/2013
721,1859,29/12/2013
687,1390,25/08/2011
621,1614,10/11/2010
953,1581,11/07/2011
138,1383,23/03/2011
256,1141,24/01/2015
150,1426,19/11/2013
320,1860,23/11/2015
53,1252,20/10/2013
818,1601,01/04/2013
314,1241,07/10/2013
82,1437,15/02/2014
514,1187,19/09/2010
984,1444,09/08/2011
269,1225,09/02/2015
729,1315,21/12/2011
629,1136,23/07/2012
320,1238,13/11/2013
286,1081,12/09/2014
69,1902,12/02/2013
58,1323,02/07/2012
731,1563,07/06/2014
267,1037,09/05/2014
497,1406,02/06/2012
21,1391,04/08/2014
6,1118,02/07/2011
181,1523,18/06/2013
20,1015,27/01/2016
273,1407,22/08/2010
667,1151,14/03/2014
270,1637,03/12/2014
163,1257,25/12/2010
128,1644,11/05/2010
38,1505,19/09/2012
958,1214,14/06/2010
479,1591,10/04/2014
781,1916,29/04/2013
357,1832,27/06/2012
884,1799,03/09/2011
416,1580,24/11/2010
266,1735,03/03/2016
860,1549,17/07/2013
919,1350,28/02/2013
408,1848,14/01/2011
483,1344,13/09/2015
951,1550,02/10/2014
538,1256,26/07/2013
919,1758,02/03/2016
365,1638,08/06/2012
948,1101,03/06/2015
318,1866,12/12/2011
269,1654,13/10/2011
633,1525,21/01/2012
457,1587,31/05/2015
223,1154,29/10/2010
492,1045,02/03/2016
325,1783,02/08/2012
962,1953,04/10/2014
199,1254,17/10/2011
570,1301,19/12/2013
724,1497,27/02/2016
962,1947,03/03/2013
955,1599,28/09/2011
241,1129,18/04/2011
553,1671,27/05/2012
466,1560,29/10/2015
950,1415,31/01/2012
554,1702,27/12/2014
909,1991,13/08/2012
475,1525,11/07/2013
65,1214,30/04/2012
519,1111,06/04/2015
787,1098,18/02/2012
14,1176,06/08/2012
437,1492,25/08/2012
496,1782,17/09/2013
342,1505,15/03/2012
516,1685,02/12/2011
318,1978,15/11/2012
199,1068,20/04/2015
477,1347,24/09/2010
610,1212,06/04/2015
193,1131,24/03/2012
719,1057,06/05/2014
834,1689,22/07/2014
165,1407,02/02/2014
102,1127,03/10/2013
507,1197,02/11/2012
467,1386,18/07/2011
341,1208,07/08/2010
181,1773,18/11/2013
787,1601,15/12/2010
464,1518,22/11/2012
480,1280,10/10/2010
622,1958,04/07/2011
228,1476,16/02/2016
255,1482,19/04/2015
282,1043,26/08/2012
144,1668,30/09/2014
494,1603,23/07/2013
560,1167,24/06/2011
679,1620,17/03/2012
857,1634,11/04/2014
16,1130,15/11/2012
273,1509,04/08/2011
316,1737,13/05/2010
573,1910,25/04/2011
179,1471,17/11/2013
217,1207,04/04/2012
643,1643,09/06/2011
401,1088,03/02/2016
622,1860,23/07/2013
388,1217,30/07/2011
827,1532,13/06/2015
29,1925,09/10/2015
981,1158,25/06/2011
434,1474,03/01/2015
603,1944,04/09/2014
932,1205,13/12/2014
193,1515,21/11/2011
237,1361,30/10/2014
774,1169,12/11/2010
569,1820,27/01/2014
637,1727,24/02/2015
741,1391,05/09/2012
673,1716,23/11/2012
724,1337,20/05/2013
382,1270,21/04/2014
979,1859,07/12/2015
492,1359,10/05/2011
423,1501,25/10/2011
529,1405,13/10/2013
232,1943,12/05/2012
725,1723,10/10/2015
312,1755,22/05/2010
623,1432,15/04/2015
588,1222,08/09/2012
703,1838,13/04/2012
754,1266,23/09/2011
104,1398,29/10/2015
554,1567,06/01/2016
199,1166,07/11/2015
421,1939,24/12/2014
899,1218,10/06/2012
315,1926,21/12/2012
528,1169,10/05/2012
944,1507,20/08/2013
504,1696,25/12/2014
186,1425,17/07/2010
712,1530,18/01/2012
742,1303,27/06/2012
574,1908,24/02/2013
609,1096,29/03/2016
679,1229,11/01/2011
816,1211,15/10/2015
557,1337,07/01/2015
134,1299,22/01/2015
763,1584,14/06/2012
558,1499,25/08/2012
311,1716,24/08/2015
330,1468,25/09/2015
658,1378,23/02/2016
419,1278,17/12/2012
290,1307,15/05/2014
73,1959,27/11/2010
791,1831,06/09/2015
257,1261,04/01/2014
367,1198,08/07/2010
385,1912,08/12/2014
480,1676,14/09/2010
714,1745,19/06/2012
117,1033,01/07/2014
881,1302,12/11/2011
366,1722,20/08/2011
945,1125,10/11/2014
140,1815,22/01/2012
75,1952,03/02/2013
675,1398,10/10/2015
811,1012,22/04/2012
32,1503,21/11/2012
606,1631,12/05/2011
646,1164,26/05/2015
379,1362,24/08/2014
619,1745,14/01/2016
333,1126,24/12/2013
499,1659,30/08/2011
944,1263,12/08/2012
556,1555,20/12/2014
813,1099,18/06/2011
546,1458,29/06/2011
627,1155,25/11/2010
206,1939,15/02/2014
940,1267,03/08/2014
444,1769,09/08/2015
337,1950,26/02/2016
166,1867,31/08/2014
793,1983,14/07/2012
56,1295,22/04/2013
962,1866,31/01/2015
198,1405,28/02/2012
890,1355,19/06/2012
884,1932,12/04/2010
578,1100,10/08/2013
220,1533,04/11/2015
719,1519,14/11/2015
213,1044,27/09/2011
767,1160,11/12/2014
248,1030,07/06/2015
436,1916,21/03/2011
808,1092,29/09/2012
719,1237,07/11/2012
688,1336,01/11/2011
15,1668,09/12/2015
817,1985,04/03/2015
927,1029,21/10/2013
799,1116,28/09/2011
168,1786,23/06/2011
42,1886,09/09/2010
718,1402,29/03/2011
697,1001,20/01/2016
236,1046,24/11/2012
544,1499,19/01/2016
401,1611,03/10/2015
667,1070,01/04/2016
920,1029,18/06/2012
366,1484,04/07/2015
747,1202,12/05/2013
391,1159,07/04/2015
702,1534,20/05/2013
98,1031,05/04/2016
135,1752,14/03/2013
159,1139,22/04/2015
436,1960,29/08/2010
95,1399,24/06/2011
308,1326,28/07/2015
110,1346,07/05/2013
975,1079,13/05/2012
240,1241,27/05/2011
208,1897,27/11/2013
858,1036,27/04/2013
701,1701,21/10/2010
633,1987,02/08/2014
979,1593,10/04/2016
147,1887,08/01/2015
836,1373,16/09/2012
854,1817,19/02/2011
890,1700,07/10/2011
958,1344,11/06/2011
605,1418,19/04/2010
510,1235,20/09/2010
681,1988,02/06/2014
849,1235,01/03/2011
212,1115,31/12/2010
859,1969,04/12/2013
282,1766,22/06/2014
291,1016,03/02/2015
600,1176,10/10/2012
604,1890,10/07/2012
581,1369,03/10/2015
884,1414,01/10/2013
61,1707,11/08/2015
607,1782,19/09/2012
918,1211,29/06/2014
209,1285,30/08/2013
274,1126,19/08/2010
223,1661,04/02/2011
60,1632,20/08/2011
199,1937,04/03/2011
685,1813,04/05/2013
806,1049,26/02/2011
857,1524,08/06/2014
299,1598,16/12/2013
41,1013,11/06/2014
694,1808,22/06/2013
268,1663,23/12/2012
945,1169,05/07/2014
693,1250,27/07/2010
779,1298,29/04/2011
274,1063,18/05/2014
806,1163,04/08/2013
360,1496,25/03/2014
377,1211,10/09/2010
322,1712,24/07/2015
189,1069,27/02/2012
220,1498,06/06/2013
312,1689,16/11/2014
906,1643,10/02/2012
894,1914,19/08/2015
476,1116,11/05/2014
838,1498,06/02/2012
885,1260,27/06/2014
671,1756,10/06/2012
361,1432,21/12/2012
788,1937,16/06/2012
29,1263,04/12/2011
346,1580,06/05/2011
708,1550,05/12/2014
367,1753,25/05/2014
846,1420,18/04/2015
764,1809,02/03/2011
246,1322,05/12/2010
464,1123,18/12/2010
234,1418,15/09/2014
206,1602,09/11/2011
827,1053,01/09/2014
69,1950,15/06/2010
912,1428,16/07/2010
50,1935,18/08/2015
27,1972,25/07/2010
567,1608,31/08/2013
509,1731,25/08/2011
971,1238,02/06/2011
185,1951,23/09/2013
260,1739,05/06/2012
605,1062,29/03/2016
290,1219,17/10/2010
768,1868,09/02/2012
321,1532,08/08/2011
443,1238,05/07/2015
611,1751,22/09/2013
651,1691,29/12/2015
685,1232,11/09/2011
818,1660,22/01/2014
311,1434,09/06/2013
145,1628,28/04/2010
514,1330,12/04/2013
148,1802,10/01/2013
734,1014,19/08/2011
75,1824,04/12/2011
355,1445,26/02/2014
986,1430,05/02/2014
788,1311,14/04/2010
340,1535,25/06/2013
436,1384,14/02/2012
772,1750,13/11/2015
401,1926,19/11/2011
978,1405,24/05/2013
847,1941,15/12/2011
88,1677,17/09/2014
487,1858,17/03/2015
89,1465,05/01/2016
807,1169,20/08/2013
700,1745,13/03/2015
297,1785,04/10/2013
227,1774,23/06/2011
711,1828,14/04/2012
41,1868,30/12/2014
674,1878,28/02/2011
73,1963,14/06/2011
256,1459,20/08/2012
242,1897,22/01/2013
606,1083,02/06/2013
595,1112,20/04/2015
816,1820,15/03/2015
643,1565,25/07/2014
376,1090,17/11/2012
716,1048,19/06/2010
913,1098,05/12/2013
250,1603,20/08/2015
184,1766,30/09/2013
921,1738,06/10/2013
159,1169,13/12/2011
3,1981,13/10/2010
998,1906,21/01/2015
807,1996,17/12/2012
924,1705,12/06/2013
618,1723,07/02/2016
319,1046,12/11/2013
796,1392,26/09/2011
876,1340,18/06/2010
366,1301,03/08/2010
503,1077,29/10/2014
582,1532,06/08/2015
834,1153,13/02/2014
112,1617,22/01/2013
59,1625,26/12/2011
294,1001,07/07/2015
320,1157,29/11/2014
307,1712,01/09/2011
518,1146,17/12/2010
314,1135,21/01/2015
89,1862,01/11/2013
253,1100,19/10/2010
576,1174,19/09/2014
449,1177,06/11/2011
269,1022,02/12/2013
988,1885,23/01/2015
178,1153,03/08/2013
254,1957,30/12/2014
204,1791,13/06/2015
824,1090,26/01/2013
238,1928,10/07/2015
434,1962,08/10/2013
870,1049,06/03/2012
199,1962,29/12/2011
873,1234,24/06/2013
224,1713,24/11/2013
116,1547,29/12/2014
237,1642,14/10/2013
294,1265,25/11/2010
865,1650,30/07/2014
74,1920,27/01/2012
601,1018,02/02/2011
174,1433,17/07/2012
694,1743,26/03/2011
699,1702,11/06/2014
81,1418,22/06/2015
144,1377,19/05/2011
639,1186,19/01/2014
442,1535,04/03/2011
51,1068,24/08/2013
49,1961,26/04/2011
670,1684,12/09/2012
959,1603,29/06/2012
279,1699,26/11/2011
360,1395,11/10/2012
532,1859,03/07/2015
93,1833,26/03/2013
89,1216,28/04/2012
200,1918,10/11/2012
679,1548,10/12/2012
453,1381,04/08/2014
627,1453,25/06/2012
212,1351,18/12/2011
967,1473,27/04/2011
774,1405,02/08/2014
716,1446,18/11/2013
168,1829,19/04/2011
710,1901,29/08/2012
555,1205,14/11/2011
15,1573,23/01/2014
158,1873,05/09/2012
889,1345,23/05/2015
554,1920,16/04/2015
920,1636,18/06/2015
14,1482,08/10/2011
652,1069,04/08/2012
123,1127,12/02/2014
948,1728,20/08/2015
232,1207,07/03/2012
815,1075,16/09/2010
445,1506,24/07/2015
133,1739,15/01/2013
988,1807,27/12/2013
232,1251,05/10/2014
814,1542,18/04/2011
345,1034,06/11/2010
400,1912,29/01/2016
296,1139,01/10/2014
519,1133,15/10/2014
421,1158,08/11/2012
433,1635,04/05/2011
312,1802,28/03/2013
595,1179,26/07/2013
591,1675,25/03/2014
333,1717,12/09/2013
931,1634,19/05/2015
997,1273,28/08/2014
607,1275,29/05/2010
840,1744,01/08/2011
540,1696,07/01/2016
293,1460,05/12/2014
230,1393,21/01/2014
759,1390,08/01/2013
220,1701,25/06/2010
932,1092,26/11/2011
419,1113,06/03/2011
416,1124,09/04/2012
110,1434,10/12/2010
959,1924,25/05/2012
126,1052,20/07/2013
254,1679,29/08/2013
872,1939,09/09/2013
3,1224,24/02/2015
710,1254,22/10/2010
165,1421,06/11/2010
570,1323,11/06/2015
627,1322,23/09/2015
562,1476,14/10/2013
861,1996,06/08/2015
856,1515,16/07/2010
142,1154,22/04/2014
207,1014,13/07/2011
721,1935,15/04/2010
758,1013,04/08/2013
730,1323,16/06/2010
77,1725,17/02/2016
253,1310,23/06/2012
102,1994,11/09/2015
320,1223,19/09/2011
824,1077,14/11/2012
835,1884,04/07/2013
478,1959,21/09/2013
179,1052,20/12/2014
318,1294,03/10/2010
652,1016,27/07/2011
747,1086,10/06/2012
166,1168,26/07/2011
445,1103,01/12/2014
388,1346,07/05/2015
539,1868,23/10/2014
79,1958,14/12/2011
716,1938,18/05/2010
164,1463,19/03/2014
855,1056,09/10/2010
940,1251,16/02/2015
683,1640,24/01/2012
115,1155,07/06/2014
12,1029,13/09/2012
693,1787,13/07/2010
966,1314,26/11/2013
931,1253,18/07/2010
534,1500,05/10/2013
266,1410,26/12/2013
227,1497,21/01/2011
405,1981,09/08/2015
334,1993,11/10/2013
545,1319,19/04/2013
818,1889,21/11/2010
300,1817,30/08/2015
729,1120,20/08/2013
277,1523,01/03/2014
525,1610,10/06/2010
1000,1732,03/05/2011
436,1441,12/11/2011
915,1367,27/01/2014
729,1829,31/07/2010
246,1480,16/02/2015
480,1981,27/10/2010
741,1934,22/01/2014
972,1154,25/09/2014
818,1324,01/12/2014
212,1886,10/12/2013
493,1816,03/10/2012
774,1519,06/08/2014
271,1053,21/03/2011
999,1956,30/09/2010
663,1591,05/08/2013
227,1919,11/08/2013
517,1637,25/09/2013
66,1714,16/02/2015
725,1594,02/10/2010
708,1988,23/04/2011
100,1310,26/06/2013
316,1368,12/08/2012
998,1094,30/04/2013
659,1806,24/02/2011
576,1087,25/01/2011
214,1200,12/02/2015
296,1504,01/07/2012
770,1244,30/09/2013
266,1268,18/06/2011
578,1138,09/02/2014
888,1468,06/12/2013
743,1266,20/05/2015
126,1925,29/12/2011
995,1220,27/03/2014
281,1816,26/11/2011
928,1501,14/12/2014
861,1145,04/12/2014
32,1788,14/05/2010
32,1067,10/10/2010
412,1495,03/02/2015
837,1909,27/08/2012
559,1394,28/12/2014
506,1355,01/10/2010
678,1349,21/08/2013
894,1738,06/03/2016
37,1916,26/05/2012
642,1098,14/08/2014
61,1151,15/05/2012
478,1436,20/03/2013
216,1232,02/04/2016
588,1038,08/10/2010
577,1221,05/11/2014
190,1007,24/09/2014
533,1209,12/12/2015
103,1728,14/08/2013
281,1191,27/10/2015
793,1824,19/08/2010
580,1548,01/07/2015
45,1219,24/03/2014
861,1674,12/05/2010
357,1567,17/11/2011
291,1424,21/01/2013
639,1434,18/06/2015
637,1720,02/08/2015
724,1792,29/09/2011
391,1113,27/12/2013
550,1019,14/09/2015
50,1075,23/07/2010
485,1318,08/07/2013
778,1508,10/11/2014
396,1366,12/03/2012
835,1325,22/11/2015
91,1592,24/02/2015
477,1907,21/05/2013
550,1922,05/10/2013
970,1386,13/05/2014
415,1651,09/09/2012
155,1718,05/05/2014
952,1868,03/06/2014
385,1270,15/09/2011
345,1376,21/09/2011
456,1952,16/08/2011
145,1779,22/05/2013
312,1689,26/12/2015
121,1095,14/08/2012
760,1752,20/02/2011
108,1624,04/08/2015
991,1872,11/11/2012
605,1158,08/10/2013
238,1857,02/06/2011
702,1922,30/11/2015
409,1396,10/04/2016
432,1471,17/04/2012
959,1303,08/02/2015
221,1810,05/11/2013
319,1243,11/06/2010
263,1505,17/07/2012
140,1775,17/07/2011
644,1150,02/07/2014
429,1500,09/02/2014
83,1406,20/01/2011
64,1187,20/11/2013
174,1873,12/12/2011
866,1060,28/03/2011
372,1788,03/09/2014
298,1694,08/11/2015
391,1540,24/09/2014
116,1865,30/06/2012
584,1951,25/02/2015
240,1470,09/08/2015
480,1571,21/07/2014
492,1430,02/07/2015
580,1862,23/06/2010
164,1609,28/08/2013
948,1467,20/04/2013
328,1010,14/05/2010
403,1141,16/02/2014
36,1090,11/04/2010
30,1925,18/04/2010
165,1007,07/08/2015
111,1752,30/12/2015
422,1342,26/06/2011
59,1392,14/05/2012
730,1481,03/07/2012
816,1671,07/09/2012
1973,2876,08/12/2015
1280,2421,05/12/2013
1054,2662,05/03/2012
1197,2982,09/11/2015
1151,2546,18/09/2013
1240,2531,02/01/2016
1047,2855,12/10/2011
1418,2054,03/12/2012
1727,2118,28/06/2015
1237,2810,19/11/2014
1671,2305,11/11/2013
1238,2799,25/04/2014
1624,2487,09/04/2015
1067,2389,22/05/2011
1455,2461,17/05/2011
1944,2134,08/01/2012
1727,2093,19/10/2015
1538,2519,16/07/2011
1944,2658,20/04/2010
1267,2497,26/10/2011
1452,2264,01/03/2013
1458,2622,11/04/2015
1951,2188,09/10/2011
1007,2169,24/05/2011
1535,2250,25/03/2016
1952,2938,05/04/2014
1245,2431,11/07/2010
1407,2257,09/08/2015
1716,2082,23/08/2013
1060,2719,24/03/2013
1239,2228,19/01/2014
1991,2012,27/05/2014
1519,2909,20/03/2016
1203,2447,05/09/2014
1970,2860,11/01/2012
1063,2124,21/06/2013
1825,2385,11/05/2014
1565,2899,30/08/2012
1088,2465,01/12/2014
1296,2215,20/08/2015
1470,2752,17/05/2010
1713,2012,20/05/2015
1203,2877,01/01/2015
1416,2756,27/06/2012
1749,2877,26/08/2015
1373,2830,08/11/2012
1911,2743,27/10/2011
1640,2716,18/04/2013
1389,2549,02/12/2012
1884,2793,02/03/2013
1441,2563,19/03/2016
1447,2230,12/06/2012
1153,2884,21/04/2015
1297,2650,12/04/2015
1293,2751,13/12/2011
1281,2180,30/07/2013
1176,2971,25/11/2011
1596,2821,28/05/2011
1676,2662,14/10/2010
1685,2189,16/11/2010
1746,2004,14/04/2013
1767,2261,03/09/2011
1252,2004,02/08/2014
1543,2301,27/05/2011
1092,2233,01/12/2012
1839,2773,20/09/2010
1183,2476,06/11/2011
1448,2228,09/05/2011
1616,2005,02/09/2015
1827,2567,09/12/2015
1234,2098,27/11/2013
1319,2086,20/12/2013
1874,2612,26/02/2012
1882,2530,11/06/2010
1456,2175,22/08/2012
1776,2582,26/04/2011
1347,2267,14/06/2015
1236,2829,01/07/2010
1658,2432,22/07/2011
1805,2054,05/05/2013
1064,2641,01/10/2010
1766,2700,21/09/2015
1335,2329,23/01/2012
1689,2009,21/10/2014
1162,2416,21/04/2011
1492,2881,17/03/2011
1775,2608,27/12/2015
1810,2397,23/06/2012
1949,2387,08/02/2015
1864,2204,11/08/2011
1294,2197,04/12/2012
1273,2557,03/12/2010
1539,2795,28/03/2014
1876,2334,01/01/2011
1915,2634,04/12/2015
1494,2446,22/07/2015
1763,2023,08/04/2016
1145,2834,05/04/2014
1966,2592,10/11/2015
1460,2440,04/01/2015
1997,2728,24/09/2010
1312,2010,09/06/2015
1616,2467,04/02/2011
1228,2169,01/04/2013
1205,2931,02/03/2013
1239,2773,08/04/2011
1966,2118,06/10/2011
1529,2821,20/09/2014
1712,2001,11/06/2015
1240,2702,27/09/2012
1139,2647,30/03/2013
1382,2546,30/03/2012
1503,2199,24/11/2015
1526,2586,10/02/2013
1564,2139,10/09/2012
1683,2117,26/09/2010
1686,2052,24/07/2010
1625,2968,01/08/2010
1077,2455,16/11/2011
1879,2066,19/08/2012
1933,2686,06/01/2014
1016,2289,22/08/2015
1882,2517,06/09/2015
1889,2282,27/05/2011
1496,2350,24/06/2014
1152,2120,13/07/2010
1853,2729,06/12/2012
1515,2433,25/06/2011
1178,2977,25/11/2013
1795,2545,15/06/2012
1523,2714,19/11/2013
1881,2700,21/02/2013
1872,2978,14/09/2013
1571,2305,06/10/2015
1830,2999,10/11/2010
1158,2366,20/07/2011
1101,2832,24/02/2016
1707,2880,07/12/2014
1698,2016,20/02/2013
1692,2532,21/05/2011
1758,2962,10/05/2010
1589,2656,25/05/2013
1522,2849,02/02/2013
1028,2303,14/01/2014
1096,2428,02/03/2011
1857,2384,10/03/2016
1232,2758,21/02/2012
1160,2367,11/03/2015
1524,2820,06/05/2015
1378,2672,26/03/2014
1753,2319,07/03/2016
1836,2212,30/09/2015
1991,2012,01/08/2014
1086,2427,23/10/2015
1786,2035,02/05/2010
1629,2273,08/10/2015
1307,2330,21/12/2012
1084,2523,02/01/2015
1393,2075,10/12/2014
1633,2121,30/09/2011
1259,2283,13/11/2010
1987,2512,23/03/2013
1708,2395,19/10/2011
1028,2162,07/09/2014
1848,2833,17/09/2011
1379,2488,17/10/2010
1107,2978,08/05/2012
1509,2522,15/03/2012
1695,2564,12/12/2010
1656,2814,03/05/2014
1533,2043,23/09/2010
1634,2758,22/05/2012
1669,2888,19/01/2014
1183,2749,19/04/2015
1159,2064,15/04/2014
1580,2930,10/07/2012
1532,2834,07/03/2014
1222,2866,25/12/2015
1661,2012,11/08/2010
1915,2920,20/09/2012
1469,2364,23/09/2014
1137,2335,20/07/2011
1927,2005,17/09/2010
1383,2481,31/07/2011
1651,2506,30/04/2014
1795,2073,24/02/2013
1585,2199,17/09/2010
1171,2411,20/12/2010
1809,2020,18/09/2011
1235,2314,18/05/2015
1176,2833,13/06/2012
1545,2461,17/05/2013
1736,2604,06/04/2013
1324,2005,23/01/2014
1482,2272,20/07/2013
1920,2701,19/10/2015
1700,2796,20/12/2010
1201,2705,20/04/2013
1306,2120,24/07/2014
1913,2789,01/12/2012
1694,2062,22/02/2016
1160,2484,21/07/2014
1600,2983,09/03/2012
1586,2715,08/12/2013
1836,2633,08/01/2014
1084,2009,21/08/2013
1649,2084,28/02/2015
1609,2847,16/07/2011
1440,2335,10/05/2014
1618,2757,17/12/2015
1639,2955,03/09/2010
1414,2374,14/06/2014
1545,2063,10/07/2011
1533,2025,22/07/2010
1651,2909,04/01/2016
1005,2970,02/03/2016
1678,2546,08/08/2012
1204,2120,15/02/2014
1626,2678,28/02/2013
1696,2652,21/03/2011
1058,2783,09/02/2014
1878,2397,31/05/2010
1901,2067,15/11/2014
1664,2576,06/07/2012
1416,2468,16/02/2015
1086,2957,17/12/2013
1876,2256,25/02/2014
1668,2944,28/02/2016
1529,2700,10/11/2014
2000,2001,02/02/2016
1190,2426,04/11/2011
1458,2148,28/12/2013
1882,2230,22/04/2013
1354,2552,23/03/2016
1934,2976,06/08/2014
1933,2173,13/07/2015
1279,2818,08/02/2015
1036,2939,21/09/2010
1801,2462,14/08/2014
1644,2331,20/09/2015
1513,2648,25/10/2012
1414,2159,17/12/2014
1872,2393,26/04/2014
1423,2717,29/12/2013
1445,2081,09/01/2012
1884,2114,15/04/2012
1502,2709,19/04/2015
1331,2887,13/10/2012
1922,2458,01/07/2011
1254,2170,01/12/2010
1160,2503,13/04/2011
1081,2942,14/07/2013
1154,2198,21/12/2013
1991,2130,30/12/2015
1457,2761,30/09/2012
1239,2506,02/10/2015
1323,2291,08/09/2011
1040,2359,16/03/2014
1823,2708,14/08/2013
1878,2290,06/10/2014
1871,2775,29/01/2016
1402,2701,02/05/2012
1406,2966,22/09/2014
1902,2119,23/01/2015
1233,2155,08/11/2012
1952,2186,01/01/2014
1313,2755,22/09/2014
1262,2153,27/01/2015
1807,2332,19/08/2012
1223,2720,21/09/2015
1617,2733,06/04/2014
1001,2035,15/02/2013
1839,2549,28/07/2013
1782,2445,05/02/2013
1694,2833,26/04/2015
1775,2985,07/08/2015
1940,2201,13/09/2014
1975,2824,01/02/2015
1472,2650,08/09/2012
1585,2512,05/09/2013
1650,2688,17/05/2010
1377,2826,09/02/2013
1092,2228,13/07/2014
1822,2019,29/06/2015
1140,2981,21/10/2011
1238,2449,12/05/2015
1901,2256,10/09/2013
1572,2213,23/04/2011
1607,2884,10/04/2016
1441,2676,01/05/2014
1935,2953,16/12/2011
1359,2690,17/04/2012
1442,2212,08/10/2010
1525,2879,18/12/2013
1460,2182,07/01/2012
1476,2419,26/05/2011
1760,2214,28/05/2012
1107,2613,02/02/2014
1195,2084,15/08/2015
1318,2820,30/11/2013
1446,2969,07/06/2014
1890,2803,21/01/2011
1555,2150,21/07/2011
1791,2398,24/11/2012
1553,2810,11/10/2014
1057,2658,01/06/2013
1355,2835,12/01/2012
1850,2138,22/07/2015
1361,2723,11/06/2012
1228,2021,09/04/2012
1059,2003,26/10/2014
1552,2450,19/06/2013
1886,2751,01/12/2010
1318,2642,16/07/2012
1146,2957,28/09/2013
1859,2051,18/03/2011
1894,2621,25/01/2016
1789,2079,23/08/2015
1526,2564,22/07/2010
1099,2469,07/01/2016
1059,2961,09/09/2013
1050,2721,13/10/2010
1220,2766,13/09/2013
1698,2031,07/09/2010
1206,2519,27/10/2010
1239,2721,01/06/2011
1559,2870,23/11/2014
1386,2694,01/05/2015
1848,2290,22/05/2015
1829,2142,26/12/2010
1472,2560,11/07/2011
1671,2646,22/05/2013
1670,2311,17/02/2016
1266,2512,18/05/2014
1404,2549,02/12/2012
1233,2524,12/12/2010
1250,2525,28/06/2015
1979,2486,02/02/2013
1014,2638,07/01/2016
1736,2789,11/06/2013
1869,2477,31/01/2013
1776,2659,24/12/2013
1054,2024,05/03/2016
1773,2851,19/07/2015
1127,2497,23/09/2015
1573,2210,11/03/2016
1439,2292,08/04/2014
1577,2836,29/03/2013
1139,2514,28/06/2010
1009,2794,14/05/2014
1423,2657,30/10/2011
1263,2466,20/05/2012
1637,2726,10/12/2010
1956,2901,04/01/2013
1389,2457,26/02/2014
1284,2263,30/10/2014
1214,2914,22/02/2011
1258,2514,25/11/2015
1171,2165,20/04/2015
1563,2131,22/09/2013
1716,2545,21/02/2011
1490,2095,13/07/2014
1879,2263,04/01/2013
1583,2182,18/12/2013
1278,2134,19/08/2012
1957,2042,25/01/2012
1560,2694,05/02/2013
1505,2280,30/05/2012
1810,2313,04/10/2011
1906,2974,23/09/2015
1145,2081,01/05/2015
1759,2906,17/02/2016
1663,2328,01/11/2015
1569,2921,16/12/2010
1209,2275,27/06/2011
1130,2628,09/09/2014
1382,2254,09/05/2010
1305,2969,01/06/2014
1054,2542,30/10/2014
1957,2344,06/03/2015
1584,2830,14/10/2011
1598,2692,11/09/2013
1991,2006,30/09/2014
1822,2969,07/08/2014
1628,2762,06/08/2012
1554,2325,02/08/2011
1430,2167,29/09/2013
1113,2009,21/02/2015
1359,2431,08/04/2015
1935,3000,08/01/2016
1281,2419,28/11/2013
1045,2600,11/07/2012
1534,2081,12/11/2012
1218,2209,11/08/2014
1890,2790,17/07/2013
1766,2330,26/01/2014
1548,2249,03/01/2013
1573,2373,26/03/2015
1172,2560,20/05/2011
1702,2501,07/05/2015
1541,2141,16/12/2011
1407,2877,03/06/2010
1556,2367,29/02/2016
1268,2038,03/02/2015
1326,2207,06/10/2010
1786,2031,12/12/2013
1238,2699,03/02/2016
1767,2359,24/04/2013
1685,2110,03/07/2014
1829,2177,29/11/2011
1780,2197,14/02/2011
1129,2941,02/05/2014
1090,2414,14/07/2013
1230,2166,15/03/2012
1464,2647,15/02/2013
1659,2311,12/04/2011
1369,2399,13/10/2011
1954,2787,15/04/2012
1686,2906,14/09/2015
1749,2604,13/05/2011
1319,2013,08/04/2015
1151,2291,20/11/2010
1055,2472,19/04/2011
1026,2079,13/10/2015
1553,2492,10/01/2016
1447,2438,01/05/2011
1179,2533,10/09/2011
1618,2677,25/11/2010
1939,2738,23/09/2012
1124,2767,01/09/2010
1585,2560,15/08/2014
1905,2161,25/10/2012
1460,2863,19/04/2014
1708,2012,16/03/2015
1320,2477,07/02/2013
1607,2518,16/10/2015
1562,2439,07/05/2014
1524,2912,02/09/2012
1642,2295,22/01/2014
1866,2467,16/02/2013
1929,2207,15/09/2014
1247,2394,25/01/2013
1275,2597,17/09/2013
1665,2629,29/12/2012
1850,2704,26/06/2013
1642,2997,11/12/2013
1781,2147,24/01/2011
1734,2233,05/11/2010
1194,2774,04/07/2013
1232,2874,09/04/2013
1419,2048,17/09/2011
1100,2856,05/02/2013
1845,2550,10/02/2014
1816,2945,13/04/2015
1169,2548,30/10/2011
1392,2509,19/09/2014
1637,2329,12/01/2013
1037,2324,09/04/2016
1645,2409,27/06/2012
1107,2787,26/01/2016
1325,2137,14/09/2014
1027,2986,23/07/2013
1005,2031,09/08/2013
1934,2207,21/03/2014
1415,2313,27/10/2011
1379,2763,26/06/2012
1879,2453,02/05/2011
1314,2923,21/04/2014
1953,2753,27/06/2013
1953,2275,29/01/2013
1932,2234,19/10/2010
1483,2644,11/01/2016
1394,2985,05/08/2014
1174,2051,07/07/2014
1006,2965,14/05/2012
1632,2970,25/11/2010
1929,2614,08/05/2014
1455,2285,12/10/2015
1883,2345,03/04/2016
1049,2359,05/05/2015
1815,2394,25/06/2011
1315,2655,11/11/2011
1789,2382,17/04/2010
1703,2119,20/06/2015
1160,2238,30/07/2013
1709,2430,27/08/2010
1254,2152,12/08/2011
1889,2601,25/07/2011
1884,2852,27/03/2015
1152,2507,04/06/2011
1803,2271,15/03/2012
1902,2651,07/03/2011
1881,2985,23/03/2011
1704,2178,29/11/2011
1602,2155,06/05/2013
1933,2269,07/03/2012
1367,2952,18/04/2010
1780,2038,02/01/2012
1707,2853,25/06/2011
1020,2141,24/09/2013
1381,2673,18/08/2010
1762,2403,22/04/2012
1280,2158,24/09/2011
1403,2957,04/05/2012
1488,2699,27/12/2010
1047,2118,10/11/2013
1050,2474,21/04/2011
1952,2845,30/04/2014
1255,2830,13/11/2013
1899,2835,27/09/2010
1602,2983,02/05/2013
1699,2321,14/08/2010
1782,2886,01/11/2015
1622,2671,22/11/2011
1051,2515,06/12/2014
1711,2077,23/01/2013
1223,2076,15/05/2010
1118,2669,11/11/2014
1090,2912,29/11/2014
1708,2095,11/11/2013
1635,2041,28/06/2013
1847,2585,01/05/2014
1034,2157,13/08/2015
1132,2146,08/07/2011
1640,2619,06/10/2013
1120,2910,23/07/2014
1403,2061,25/09/2014
1560,2504,18/10/2012
1209,2455,19/08/2011
1651,2402,07/10/2012
1846,2681,29/08/2014
1285,2685,30/01/2015
1908,2674,14/05/2013
1622,2187,30/11/2014
1264,2988,24/09/2011
1414,2620,31/12/2012
1168,2191,17/11/2015
1278,2399,16/03/2016
1114,2354,26/11/2015
1468,2413,24/03/2012
1638,2861,31/05/2011
1626,2474,03/12/2010
1681,2579,30/07/2011
1273,2859,13/05/2013
1134,2622,27/08/2013
1404,2750,11/03/2014
1257,2538,07/05/2015
1707,2474,18/01/2014
1295,2277,06/02/2013
1504,2289,28/08/2010
1627,2103,12/08/2014
1273,2875,29/11/2015
1079,2523,10/03/2016
1725,2881,21/02/2015
1017,2297,11/08/2014
1234,2407,25/04/2012
1402,2155,10/11/2011
1908,2244,05/04/2016
1968,2163,21/08/2010
1853,2378,07/07/2011
1171,2785,29/01/2015
1911,2990,01/08/2015
1992,2822,18/05/2015
1944,2389,06/05/2012
1723,2422,21/07/2013
1690,2628,29/09/2011
1324,2488,25/10/2010
1955,2319,02/12/2011
1804,2021,08/03/2015
1284,2716,20/02/2016
1792,2805,27/05/2012
1970,2699,23/02/2011
1465,2653,01/12/2010
1762,2502,29/01/2013
1669,2103,15/06/2013
1256,2345,18/10/2010
1455,2163,25/06/2015
1267,2240,18/10/2014
1691,2698,03/08/2011
1521,2423,28/09/2013
1988,2298,24/04/2014
1627,2843,07/02/2013
1680,2890,03/09/2011
1714,2388,10/08/2010
1110,2055,26/11/2014
1083,2953,20/03/2011
1498,2003,28/07/2010
1358,2172,28/12/2010
1183,2785,09/06/2013
1910,2194,20/02/2011
1946,2434,05/08/2013
1704,2470,13/01/2012
1906,2005,11/12/2015
1200,2173,03/01/2013
1624,2757,11/03/2014
1366,2671,21/09/2014
1174,2642,24/08/2010
1784,2780,27/03/2013
1586,2476,15/07/2011
1817,2277,20/07/2010
1032,2553,01/11/2010
1357,2505,27/12/2011
1153,2847,27/10/2010
1230,2754,08/07/2011
1641,2389,13/01/2013
1627,2495,12/02/2016
1757,2251,29/03/2016
1693,2783,02/06/2011
1689,2142,09/08/2010
1177,2977,19/08/2010
1592,2605,22/09/2012
1455,2495,25/02/2012
1897,2337,14/04/2014
1613,2603,07/02/2014
1281,2733,30/01/2014
1752,2622,13/08/2013
1147,2361,12/12/2014
1400,2786,21/07/2011
1717,2750,04/03/2016
1281,2879,29/04/2012
1347,2230,26/04/2011
1505,2467,20/02/2016
1743,2517,20/09/2013
1981,2403,25/11/2011
1965,2774,09/10/2015
1643,2210,29/07/2014
1494,2972,04/03/2011
1196,2214,17/07/2011
1158,2810,10/02/2013
1685,2579,13/03/2011
1992,2753,16/02/2013
1513,2592,06/04/2016
1186,3000,27/09/2011
1487,2858,08/10/2015
1789,2035,01/07/2015
1307,2441,02/07/2011
1480,2663,13/03/2011
1261,2680,06/06/2014
1001,2772,22/10/2014
1148,3000,08/06/2013
1748,2279,10/01/2013
1096,2673,09/01/2014
1811,2636,17/07/2015
1032,2115,05/10/2010
1372,2979,29/10/2011
1148,2687,09/12/2015
1861,2605,18/03/2013
1938,2943,17/11/2010
1918,2769,10/10/2015
1796,2895,07/08/2012
1733,2991,29/06/2015
1372,2807,24/10/2010
1085,2617,27/04/2013
1146,2048,01/09/2013
1243,2756,09/05/2015
1001,2381,07/03/2015
1543,2074,24/08/2013
1844,2260,28/05/2015
1250,2238,08/07/2014
1508,2342,05/05/2011
1953,2381,03/08/2014
1377,2832,11/12/2013
1441,2177,11/05/2011
1991,2512,28/06/2010
1945,2409,21/08/2010
1367,2908,13/03/2013
1809,2859,18/04/2010
1758,2884,03/10/2010
1145,2941,10/06/2013
1188,2579,28/11/2013
1560,2817,04/07/2015
1902,2646,14/11/2010
1079,2650,01/07/2014
1736,2605,14/06/2013
1074,2398,09/12/2015
1185,2572,01/05/2010
1005,2753,18/08/2014
1161,2916,06/12/2013
1716,2070,29/06/2015
1852,2963,10/03/2011
1604,2151,15/03/2011
1404,2104,04/08/2010
1141,2198,22/04/2012
1729,2616,23/06/2011
1100,2299,22/05/2013
1764,2357,18/04/2014
1950,2970,01/09/2012
1766,2495,29/11/2015
1294,2327,26/10/2010
1994,2571,27/11/2010
1153,2050,29/09/2013
1304,2118,09/03/2015
1231,2002,26/06/2011
1961,2071,22/03/2015
1571,2950,26/10/2014
1385,2060,05/05/2011
1638,2342,08/07/2011
1144,2525,23/02/2013
1928,2676,25/10/2012
1490,2955,28/07/2014
1219,2710,24/08/2012
1664,2962,09/01/2012
1781,2812,14/08/2015
1133,2866,03/05/2014
1106,2945,17/11/2015
1152,2562,23/09/2013
1760,2814,25/03/2016
1545,2271,09/02/2016
1353,2169,06/01/2016
1495,2692,24/03/2016
1537,2660,16/09/2012
1317,2161,25/06/2011
1273,2585,29/11/2010
1001,2531,11/03/2013
1287,2773,03/12/2010
1123,2374,28/12/2010
1384,2332,06/04/2012
1799,2519,28/05/2014
1390,2399,02/06/2011
1453,2405,03/06/2012
1680,2636,13/09/2010
1079,2299,19/04/2013
1378,2780,09/09/2013
1354,2397,30/03/2015
1423,2846,15/10/2013
1117,2640,13/07/2013
1692,2225,18/01/2016
1680,2924,06/05/2010
1093,2872,14/08/2014
1421,2829,31/08/2015
1063,2129,14/12/2014
1494,2782,17/08/2015
1355,2528,09/11/2011
1629,2375,18/10/2011
1899,2761,31/10/2014
1576,2124,12/08/2011
1868,2528,03/02/2013
1625,2951,28/10/2011
1480,2261,08/04/2015
1636,2530,14/11/2012
1168,2577,12/04/2013
1316,2352,19/05/2015
1260,2114,03/03/2016
1982,2644,27/07/2015
1846,2209,10/02/2014
1089,2542,24/07/2010
1035,2713,03/09/2012
1563,2189,12/10/2011
1750,2271,28/04/2010
1399,2115,20/07/2010
1194,2368,12/11/2011
1882,2770,28/03/2013
1061,2017,06/06/2011
1641,2437,17/11/2013
1800,2466,26/02/2015
1550,2984,22/09/2010
1529,2572,15/06/2010
1763,2976,12/05/2011
1880,2131,02/05/2015
1288,2432,09/06/2014
1693,2471,06/04/2016
1489,2373,17/10/2011
1694,2481,11/11/2015
1218,2916,13/11/2010
1247,2715,20/04/2014
1737,2779,25/06/2014
1432,2534,05/11/2010
1258,2269,08/10/2011
1220,2544,01/08/2013
1714,2401,16/11/2013
1559,2934,16/01/2011
1945,2168,19/09/2012
1745,2840,29/06/2015
1005,2529,19/07/2015
1442,2257,01/12/2013
1344,2607,04/11/2014
1665,2885,16/11/2013
1912,2877,24/12/2011
1867,2922,10/03/2012
1684,2247,20/01/2016
1659,2485,02/09/2010
1622,2900,09/11/2010
1148,2675,04/09/2014
1627,2953,11/03/2015
1013,2792,04/06/2013
1628,2879,02/04/2016
1895,2079,04/06/2011
1440,2388,26/07/2014
1865,2449,23/06/2012
1206,2731,30/01/2012
1196,2524,17/03/2015
1282,2856,24/01/2014
1242,2992,13/06/2011
1803,2314,09/01/2015
1830,2569,11/09/2013
1126,2178,22/05/2012
1265,2933,21/09/2015
1974,2046,05/01/2016
1345,2999,09/05/2011
1003,2886,31/07/2014
1815,2860,18/12/2013
1756,2607,23/10/2012
1869,2977,11/01/2015
1169,2409,10/02/2014
1150,2984,29/01/2014
1392,2277,25/06/2015
1270,2618,25/03/2016
1453,2119,12/04/2015
1494,2556,01/07/2011
1876,2081,23/04/2010
1949,2551,27/01/2012
1736,2765,12/12/2013
1358,2226,21/02/2016
1052,2317,14/12/2010
1190,2367,15/10/2013
1030,2073,13/01/2011
1677,2442,07/04/2016
1534,2852,26/01/2015
1943,2686,22/10/2013
1085,2966,05/01/2015
1482,2990,12/10/2013
1088,2038,21/01/2014
1626,2140,12/04/2011
1777,2691,01/07/2013
1329,2327,26/04/2010
1460,2504,25/10/2014
1140,2737,03/01/2016
1300,2251,18/12/2012
1570,2995,18/05/2011
1979,2987,03/08/2013
1869,2378,18/06/2014
1585,2096,17/06/2013
1429,2200,01/12/2013
1228,2003,08/11/2012
1341,2663,19/10/2014
1273,2749,27/08/2014
1190,2521,13/11/2010
1173,2484,19/02/2016
1017,2396,08/10/2010
1196,2751,22/02/2015
1541,2080,13/12/2013
1346,2831,21/01/2016
1905,2451,24/06/2012
1500,2700,19/10/2011
1794,2906,01/02/2011
1868,2414,14/09/2013
1649,2800,03/10/2012
1056,2152,06/10/2010
1193,2986,30/03/2014
1324,2468,18/11/2012
1387,2119,16/11/2012
1891,2633,06/10/2014
1069,2850,08/08/2014
1402,2995,04/04/2011
1128,2572,27/04/2012
1547,2434,27/04/2011
1719,2264,07/10/2012
1778,2448,31/05/2015
1186,2838,02/04/2013
1300,2171,07/06/2010
1813,2666,08/01/2015
1825,2072,24/09/2015
1985,2146,06/06/2010
1510,2741,17/06/2014
1640,2204,24/06/2015
1558,2295,19/06/2013
1403,2819,16/12/2015
1168,2961,02/09/2012
1839,2766,19/12/2014
1652,2519,16/08/2014
1011,2185,10/11/2013
1689,2796,21/12/2011
1793,2503,28/12/2015
1554,2625,02/08/2013
1490,2861,14/04/2011
1202,2662,30/03/2015
1032,2947,02/10/2012
1862,2062,03/03/2014
1971,2763,11/11/2012
1989,2168,17/01/2014
1607,2123,10/03/2016
1201,2412,06/06/2012
1435,2431,31/05/2013
1543,2005,25/03/2014
1422,2349,07/07/2015
1678,2944,04/05/2014
1773,2978,13/01/2011
1797,2309,12/11/2014
1199,2461,28/06/2012
1183,2943,21/03/2012
1381,2335,28/06/2013
1277,2485,20/06/2010
1486,2935,17/07/2012
1902,2874,01/05/2014
1354,2003,02/10/2013
1536,2090,09/12/2011
1934,2226,26/12/2011
1269,2227,02/05/2010
1883,2548,05/02/2013
1072,2989,03/11/2013
1843,2724,02/10/2015
1325,2609,10/04/2016
1646,2370,10/01/2012
1029,2961,22/03/2012
1282,2018,23/04/2014
1596,2680,02/10/2014
1761,2438,29/06/2012
1076,2495,27/07/2010
1155,2159,18/11/2015
1462,2556,07/09/2013
1877,2179,22/01/2014
1983,2767,13/07/2011
1960,2199,05/05/2014
1857,2791,22/09/2010
1883,2733,27/06/2011
1858,2880,28/08/2013
1322,2156,31/07/2010
1216,2672,14/08/2011
1798,2228,29/09/2010
1299,2769,29/05/2012
1253,2330,26/03/2011
1727,2940,01/02/2014
1013,2448,25/08/2014
1335,2532,09/10/2014
1757,2615,21/07/2010
1160,2695,07/07/2014
1280,2941,01/04/2013
1588,2737,09/02/2013
1794,2458,01/12/2014
1895,2875,06/03/2012
1864,2085,22/02/2012
1421,2271,28/09/2013
1369,2715,28/11/2012
1645,2371,09/05/2014
1261,2954,02/07/2012
1970,2736,16/02/2012
1667,2618,10/07/2010
1554,2985,25/02/2016
1212,2708,28/04/2013
1167,2982,22/02/2015
1001,2551,24/08/2011
1486,2114,05/12/2015
1910,2258,07/07/2015
1176,2753,11/08/2013
1468,2836,17/10/2015
1528,2285,09/09/2013
1659,2281,08/10/2012
1435,2413,01/03/2011
1652,2812,25/05/2011
1309,2567,24/02/2016
1119,2616,15/02/2012
1907,2585,30/06/2011
1893,2809,31/12/2011
1319,2638,09/12/2014
1143,2438,10/05/2010
1219,2529,04/04/2012
1299,2445,16/09/2015
1341,2141,15/01/2012
1641,2655,17/03/2012
1997,2971,29/08/2015
1935,2108,23/01/2015
1767,2261,07/07/2014
1270,2209,05/10/2010
1449,2710,02/05/2014
1083,2334,15/04/2010
2000,2267,11/10/2011
1138,2676,09/08/2014
1031,2323,31/05/2012
1231,2610,18/11/2012
1164,2518,03/11/2013
1651,2875,16/03/2011
1595,2768,21/04/2015
1522,2729,11/08/2014
1460,2973,13/02/2015
1588,2256,15/02/2013
1161,2264,23/09/2013
1511,2685,05/05/2014
1494,2469,04/01/2013
1990,2950,02/05/2013
1970,2104,09/11/2013
1346,2200,15/05/2012
1414,2705,05/11/2011
1175,2195,14/05/2013
1274,2730,10/09/2015
1881,2759,30/06/2014
1018,2972,16/11/2011
1367,2437,10/07/2012
1060,2836,11/03/2015
1963,2239,06/01/2014
1208,2594,21/12/2012
1377,2051,01/09/2012
1146,2419,08/12/2013
1611,2872,06/08/2015
1261,2514,05/07/2011
1588,2981,06/09/2012
1027,2690,18/07/2011
1820,2371,14/04/2015
1238,2617,14/04/2010
1771,2233,19/10/2013
1446,2366,18/02/2014
2326,1092,30/09/2014
2206,1272,13/03/2011
2891,1604,22/07/2014
2501,1871,11/04/2011
2440,1767,28/04/2010
2974,1743,18/10/2011
2536,1737,15/09/2010
2777,1923,15/09/2013
2310,1476,19/06/2013
2863,1657,20/06/2011
2058,1495,19/10/2012
2869,1521,21/11/2014
2543,1854,24/11/2010
2005,1041,20/02/2012
2602,1099,09/08/2015
2801,1877,04/05/2012
2474,1002,08/11/2010
2668,1820,14/06/2013
2201,1634,21/03/2012
2843,1871,27/06/2015
2837,1561,10/12/2015
2343,1609,19/01/2012
2455,1526,24/08/2010
2599,1486,13/07/2015
2040,1346,23/03/2016
2379,1227,14/08/2015
2286,1185,08/04/2011
2769,1555,23/06/2013
2074,1142,07/04/2011
2081,1678,07/11/2015
2140,1002,11/03/2016
2345,1862,03/07/2015
2742,1943,30/07/2014
2723,1245,15/06/2012
2953,1084,27/06/2015
2776,1854,20/03/2012
2735,1738,14/08/2010
2049,1034,05/11/2015
2018,1678,20/07/2012
2861,1115,11/04/2015
2199,1578,08/09/2015
2463,1116,20/08/2012
2820,1563,21/12/2010
2325,1050,17/11/2012
2028,1031,25/06/2013
2378,1825,06/09/2010
2207,1273,22/11/2013
2919,1954,20/07/2015
2804,1891,01/01/2014
2762,1061,23/02/2011
2782,1616,07/08/2013
2220,1682,05/06/2010
2125,1921,29/12/2011
2417,1675,14/05/2013
2462,1418,24/09/2014
2754,1489,17/05/2010
2173,1145,28/03/2015
2618,1409,05/07/2014
2063,1041,26/01/2015
2756,1801,16/12/2013
2543,1124,12/08/2013
2609,1820,19/04/2014
2299,1568,02/05/2015
2898,1480,29/01/2011
2745,1875,08/02/2012
2011,1267,09/11/2011
2998,1338,20/05/2015
2671,1019,10/01/2015
2744,1548,28/09/2014
2919,1996,19/02/2013
3000,1239,27/02/2013
2774,1621,14/09/2014
2492,1985,11/03/2016
2570,1619,21/09/2012
2840,1309,05/07/2013
2979,1856,22/09/2012
2520,1351,24/08/2012
2954,1111,16/06/2010
2137,1603,25/10/2015
2496,1625,09/12/2014
2175,1891,03/11/2012
2391,1046,26/06/2010
2845,1979,30/11/2012
2015,1026,08/06/2013
2209,1103,14/03/2016
2952,1975,06/07/2014
2379,1900,19/02/2015
2251,1827,24/12/2011
2767,1729,21/11/2015
2644,1456,30/07/2014
2957,1577,29/09/2013
2843,1942,21/05/2015
2511,1215,08/10/2015
2349,1051,06/06/2012
2708,1772,24/09/2012
2767,1047,03/02/2012
2222,1621,11/09/2015
2460,1632,29/09/2012
2098,1060,08/06/2011
2243,1260,01/12/2013
2399,1433,03/07/2013
2353,1602,23/07/2010
2794,1641,31/08/2011
2425,1895,28/04/2014
2210,1728,15/05/2014
2330,1944,10/06/2011
2784,1321,09/03/2016
2209,1003,06/09/2010
2543,1780,11/12/2013
2768,1420,11/04/2011
2169,1796,31/07/2012
2115,1311,18/05/2012
2065,1978,19/05/2011
2324,1387,08/12/2013
2843,1211,12/10/2012
2157,1165,08/12/2015
2680,1501,05/10/2012
2513,1372,21/07/2014
2033,1478,11/02/2012
2491,1309,18/02/2014
2839,1079,04/10/2013
2943,1348,08/04/2015
2092,1795,10/06/2015
2331,1891,20/04/2010
2553,1319,05/03/2013
2003,1556,29/09/2011
2108,1730,20/11/2013
2114,1283,19/04/2010
2250,1331,13/01/2014
2471,1099,29/12/2014
2282,1220,21/10/2011
2823,1947,14/01/2013
2828,1238,30/08/2015
2704,1039,09/11/2011
2184,1491,31/10/2012
2301,1002,20/05/2012
2782,1766,19/09/2015
2649,1981,28/06/2010
2781,1704,12/06/2015
2385,1384,14/12/2014
2507,1609,04/07/2010
2265,1573,11/04/2011
2286,1648,08/09/2013
2038,1709,03/02/2016
2922,1408,16/01/2013
2909,1440,15/04/2011
2720,1975,13/03/2013
2111,1048,06/08/2010
2852,1543,31/03/2013
2449,1907,09/07/2013
2366,1757,06/12/2010
2415,1167,27/05/2015
2011,1962,10/05/2012
2614,1233,08/11/2011
2879,1840,30/08/2013
2029,1625,17/12/2012
2361,1100,04/04/2016
2172,1756,08/01/2012
2176,1287,26/05/2014
2872,1296,25/07/2011
2279,1465,06/09/2012
2356,1329,12/02/2015
2930,1333,03/06/2010
2883,1511,31/12/2011
2690,1048,05/12/2012
2073,1657,13/08/2014
2871,1785,06/12/2014
2451,1959,06/06/2010
2376,1248,11/11/2014
2854,1849,18/08/2015
2870,1879,08/11/2010
2722,1818,03/03/2014
2831,1242,17/05/2010
2004,1355,29/12/2013
2450,1132,18/12/2014
2521,1849,30/11/2015
2415,1382,28/10/2014
2563,1078,07/01/2013
2703,1138,16/07/2014
2064,1607,28/04/2014
2178,1963,13/08/2010
2519,1281,22/09/2012
2167,1466,30/05/2014
2900,1549,04/06/2012
2253,1674,30/03/2014
2698,1303,09/03/2012
2785,1702,04/02/2014
2225,1635,23/05/2011
2904,1917,25/10/2011
2510,1827,29/05/2010
2063,1209,19/04/2015
2225,1008,02/09/2011
2088,1905,15/03/2014
2168,1014,02/08/2012
2331,1661,10/12/2012
2106,1320,02/01/2011
2687,1546,27/02/2016
2819,1621,12/10/2011
2374,1350,11/10/2013
2905,1308,27/03/2016
2584,1162,03/01/2012
2613,1464,01/12/2012
2558,1498,23/05/2014
2287,1293,05/01/2012
2953,1360,20/01/2013
2021,1767,06/01/2016
2587,1958,17/06/2012
2733,1831,17/02/2011
2183,1567,04/07/2015
2709,1109,17/06/2013
2383,1548,17/10/2013
2305,1864,04/05/2011
2990,1227,23/01/2014
2241,1242,15/04/2011
2859,1213,05/09/2014
2738,1341,14/11/2015
2223,1937,09/07/2012
2196,1019,16/04/2010
2683,1976,22/11/2013
2706,1967,11/07/2015
2679,1976,05/01/2012
2241,1659,07/09/2015
2357,1004,29/06/2013
2747,1733,28/03/2012
2091,1931,12/11/2015
2018,1076,19/11/2010
2503,1233,26/11/2013
2699,1274,04/07/2015
2325,1766,22/01/2015
2886,1780,08/01/2015
2981,1873,25/02/2013
2474,1262,19/08/2014
2635,1569,09/03/2014
2568,1236,17/01/2012
2693,1722,02/08/2012
2329,1784,09/10/2014
2705,1630,26/07/2013
2963,1367,25/05/2011
2461,1824,23/10/2013
2769,1753,22/02/2013
2975,1194,09/04/2013
2731,1451,12/08/2011
2992,1357,27/03/2013
2274,1350,21/04/2012
2921,1079,11/11/2014
2532,1254,26/07/2012
2965,1394,01/08/2010
2469,1473,14/06/2015
2389,1402,28/02/2013
2301,1839,29/12/2012
2617,1818,18/03/2015
2526,1705,07/09/2011
2641,1939,13/05/2012
2634,1174,16/08/2015
2530,1506,26/05/2010
2016,1172,22/03/2015
2618,1281,16/09/2011
2690,1438,13/10/2012
2193,1589,26/12/2011
2699,1450,27/02/2013
2956,1272,20/03/2015
2945,1756,30/03/2014
2578,1345,23/09/2012
2849,1883,14/02/2011
2082,1359,22/11/2013
2556,1624,30/09/2014
2428,1140,01/05/2015
2096,1006,22/05/2012
2325,1473,15/04/2013
2591,1899,24/03/2016
2057,1502,02/09/2013
2765,1105,28/12/2012
2314,1640,04/05/2012
2115,1598,14/08/2014
2920,1915,14/03/2011
2586,1206,26/12/2013
2938,1971,29/07/2011
2797,1748,07/05/2010
2129,1553,29/08/2014
2584,1291,04/05/2010
2218,1028,13/07/2015
2742,1166,14/11/2010
2205,1495,05/04/2013
2013,1843,12/06/2012
2323,1387,19/04/2015
2022,1011,27/01/2015
2186,1743,28/03/2014
2878,1185,13/08/2012
2408,1831,01/04/2012
2250,1060,09/10/2014
2495,1500,05/06/2014
2330,1356,31/01/2011
2463,1019,29/07/2012
2551,1753,17/03/2011
2779,1426,24/11/2014
2021,1933,31/03/2011
2551,1967,24/11/2015
2956,1319,09/08/2013
2221,1384,18/09/2011
2922,1891,24/11/2010
2561,1403,27/04/2012
2722,1923,02/11/2012
2491,1073,06/07/2015
2386,1288,26/04/2013
2243,1014,23/09/2015
2645,1839,24/03/2011
2088,1863,23/07/2010
2161,1902,05/02/2014
2344,1247,29/07/2014
2994,1644,22/08/2013
2284,1281,24/05/2015
2248,1797,01/02/2015
2247,1841,03/11/2011
2861,1949,07/04/2013
2219,1163,08/10/2014
2946,1095,30/05/2013
2226,1385,18/09/2012
2564,1261,31/07/2011
2758,1654,14/03/2016
2394,1209,31/07/2012
2443,1207,21/01/2014
2707,1396,18/11/2013
2966,1483,25/10/2015
2468,1180,23/02/2015
2624,1447,16/06/2010
2102,1369,28/01/2011
2109,1377,28/05/2010
2934,1275,30/04/2014
2437,1392,01/04/2015
2076,1163,21/04/2013
2683,1285,11/11/2010
2195,1677,18/11/2015
2025,1236,26/04/2014
2267,1178,21/08/2012
2450,1480,02/12/2014
2125,1717,14/01/2013
2267,1600,17/08/2014
2941,1682,12/01/2011
2307,1981,10/06/2015
2899,1595,02/01/2013
2226,1153,04/07/2011
2049,1851,11/11/2012
2074,1370,11/07/2010
2422,1600,07/03/2012
2050,1600,20/05/2010
2651,1378,07/12/2010
2119,1246,11/04/2010
2762,1674,15/05/2015
2072,1377,22/11/2011
2103,1703,17/01/2014
2146,1839,01/02/2011
2890,1231,28/05/2013
2161,1269,14/02/2014
2397,1225,26/02/2012
2230,1801,25/07/2012
2282,1255,10/10/2014
2503,1893,09/09/2014
2958,1686,29/07/2014
2583,1442,15/03/2012
2297,1902,29/08/2015
2553,1599,19/04/2010
2797,1432,12/10/2013
2329,1212,03/03/2014
2972,1359,06/12/2011
2014,1585,27/10/2013
2788,1392,11/06/2015
2483,1856,17/12/2014
2142,1896,03/05/2013
2476,1232,31/08/2015
2025,1509,18/01/2015
2668,1769,02/10/2010
2326,1049,24/07/2010
2079,1164,21/09/2015
2498,1881,05/06/2011
2919,1118,31/05/2010
2443,1042,23/06/2012
2045,1494,30/08/2014
2253,1321,02/09/2015
2776,1722,10/06/2012
2466,1404,07/07/2012
2539,1690,18/10/2010
2491,1366,24/09/2013
2760,1061,29/03/2016
2882,1484,30/05/2015
2126,1821,18/01/2014
2727,1610,08/05/2011
2488,1662,04/02/2011
2807,1974,03/11/2012
2877,1645,23/11/2014
2033,1475,18/08/2013
2459,1720,30/10/2010
2845,1128,17/01/2012
2928,1006,10/03/2012
2155,1009,13/02/2011
2933,1724,11/06/2011
2714,1881,23/01/2013
2862,1822,06/07/2011
2058,1227,21/09/2015
2289,1961,14/05/2013
2827,1445,21/10/2014
2126,1828,16/02/2016
2232,1194,17/07/2013
2543,1977,17/10/2014
2744,1133,28/04/2010
2387,1049,25/12/2014
2250,1989,01/04/2011
2226,1826,29/08/2015
2963,1658,17/08/2011
2595,1733,20/08/2010
2887,1165,29/03/2014
2143,1207,03/12/2014
2250,1320,24/08/2012
2683,1139,01/08/2012
2332,1272,07/05/2014
2258,1590,02/03/2011
2693,1176,12/10/2013
2755,1054,19/03/2016
2030,1722,26/11/2011
2334,1422,27/02/2011
2065,1942,15/05/2014
2288,1755,29/05/2014
2407,1292,28/05/2011
2853,1259,17/12/2014
2221,1397,05/03/2016
2029,1420,29/10/2011
2160,1944,15/02/2014
2627,1013,22/01/2014
2954,1196,31/03/2014
2438,1717,27/09/2010
2073,1155,09/04/2014
2501,1227,19/09/2010
2781,1732,06/07/2015
2361,1940,14/11/2015
2852,1466,22/09/2012
2979,1608,31/10/2010
2819,1105,17/05/2013
2979,1967,23/12/2013
2131,1036,10/02/2013
2114,1321,05/01/2014
2389,1465,14/01/2013
2640,1386,23/01/2014
2487,1491,22/08/2015
2831,1403,14/08/2014
2150,1801,10/01/2011
2452,1293,05/01/2011
2364,1936,01/09/2011
2530,1445,07/10/2011
2302,1676,07/12/2013
2031,1252,18/11/2010
2692,1599,22/01/2013
2918,1688,03/06/2013
2510,1542,25/05/2014
2848,1321,31/05/2011
2557,1448,28/03/2013
2892,1622,29/03/2012
2791,1164,26/10/2012
2125,1789,09/03/2012
2402,1706,12/03/2016
2506,1369,25/09/2010
2829,1835,14/05/2013
2675,1090,10/06/2014
2445,1308,10/08/2014
2168,1701,12/03/2014
2568,1376,03/03/2011
2791,1110,03/01/2014
2261,1233,20/05/2014
2712,1619,25/06/2013
2447,1655,06/09/2015
2376,1746,27/02/2014
2620,1854,16/04/2012
2200,1018,28/12/2010
2082,1490,31/05/2011
2717,1271,16/05/2015
2726,1005,20/12/2012
2482,1306,03/02/2012
2967,1952,30/12/2015
2632,1102,13/08/2012
2712,1507,08/01/2014
2270,1323,17/08/2011
2245,1466,16/08/2014
2629,1311,28/08/2011
2127,1689,26/04/2012
2847,1644,01/07/2012
2971,1367,26/06/2013
2188,1338,12/08/2010
2098,1186,26/07/2012
2579,1180,21/01/2012
2730,1936,07/02/2015
2113,1897,10/08/2012
2135,1230,01/10/2013
2485,1616,05/04/2012
2302,1983,20/03/2012
2701,1254,21/01/2016
2819,1955,20/07/2013
2918,1450,25/10/2011
2583,1808,16/12/2011
2711,1116,28/08/2012
2021,1676,24/06/2015
2161,1012,29/09/2011
2736,1241,25/01/2011
2062,1824,06/07/2010
2155,1560,11/08/2011
2987,1303,26/01/2013
2940,1098,26/05/2014
2331,1074,11/02/2013
2435,1464,02/07/2015
2861,1609,21/03/2016
2960,1892,13/10/2011
2928,1854,06/09/2013
2962,1920,13/09/2012
2206,1657,02/04/2015
2644,1857,16/10/2011
2379,1982,18/03/2014
2278,1217,19/12/2010
2202,1862,22/06/2015
2554,1306,08/12/2010
2063,1096,29/03/2013
2974,1048,19/08/2015
2112,1269,02/05/2011
2579,1021,26/04/2014
2033,1778,10/02/2015
2657,1562,05/03/2015
2442,1108,30/01/2015
2983,1615,22/10/2013
2551,1312,01/10/2011
2733,1971,15/11/2010
2515,1241,22/02/2013
2144,1455,21/10/2014
2380,1692,23/01/2016
2414,1137,09/12/2014
2295,1236,01/04/2014
2062,1753,12/10/2012
2434,1864,06/07/2011
2088,1307,08/09/2010
2803,1860,06/06/2014
2266,1028,30/01/2016
2641,1012,26/05/2015
2565,1969,23/08/2015
2409,1505,16/09/2011
2315,1111,28/08/2010
2016,1478,24/06/2015
2772,1026,03/07/2015
2820,1410,17/05/2010
2766,1339,07/01/2013
2515,1218,08/05/2014
2201,1463,28/04/2013
2896,1771,02/06/2012
2439,1489,03/06/2010
2636,1298,10/02/2011
2971,1389,13/04/2012
2766,1249,24/05/2011
2386,1451,19/08/2015
2625,1080,16/09/2010
2061,1026,08/07/2010
2070,1280,24/08/2014
2018,1298,17/04/2011
2399,1387,05/06/2010
2840,1273,04/07/2012
2762,1419,23/07/2011
2070,1730,20/03/2013
2672,1142,11/03/2016
2167,1943,02/05/2014
2957,1978,20/04/2013
2829,1475,07/06/2014
2041,1399,18/11/2011
2073,1828,23/05/2010
2904,1105,16/08/2013
2081,1653,15/12/2013
2492,1378,03/10/2014
2785,1339,21/05/2015
2460,1056,14/10/2013
2368,1450,06/06/2015
2164,1128,24/08/2012
2865,1743,03/08/2013
2174,1207,13/12/2013
2394,1863,17/09/2014
2166,1748,12/02/2016
2924,1398,04/12/2012
2699,1719,28/09/2014
2936,1852,03/06/2011
2889,1951,19/06/2015
2528,1177,21/06/2011
2562,1470,25/06/2011
2067,1034,26/01/2013
2956,1536,27/02/2016
2481,1766,28/03/2011
2667,1963,24/06/2013
2295,1583,10/04/2012
2214,1752,07/01/2011
2620,1805,10/03/2016
2683,1855,30/05/2010
2892,1132,25/08/2011
2781,1011,01/04/2012
2407,1492,23/05/2012
2812,1903,10/05/2013
2559,1424,11/08/2011
2643,1910,07/12/2014
2431,1638,19/07/2013
2164,1207,04/08/2014
2236,1239,19/09/2010
2825,1230,02/01/2015
2834,1947,05/08/2015
2238,1983,16/08/2013
2814,1978,01/11/2010
2554,1857,13/01/2015
2999,1033,22/11/2013
2806,1680,09/08/2010
2444,1199,13/03/2014
2226,1202,09/08/2013
2598,1748,16/10/2015
2953,1124,11/04/2011
2461,1505,22/01/2016
2136,1734,06/06/2010
2068,1841,04/02/2013
2697,1089,30/11/2011
2619,1302,18/11/2012
2011,1854,13/08/2013
2270,1835,03/02/2016
2545,1833,11/01/2014
2422,1480,01/06/2010
2228,1089,12/09/2011
2644,1964,15/12/2013
2926,1174,26/06/2012
2215,1137,13/03/2012
2369,1777,12/12/2013
2801,1635,20/02/2011
2412,1853,14/03/2014
2908,1408,11/05/2010
2272,1441,01/03/2013
2988,1710,26/03/2012
2517,1556,13/08/2010
2437,1393,18/01/2011
2300,1274,26/09/2015
2767,1190,24/10/2014
2538,1910,05/08/2010
2297,1983,21/05/2015
2649,1986,16/03/2016
2897,1614,02/02/2012
2410,1293,20/02/2015
2735,1990,11/02/2015
2410,1306,12/09/2011
2571,1486,05/06/2012
2873,1638,22/02/2011
2480,1753,25/08/2010
2414,1887,04/02/2015
2359,1057,04/01/2015
2317,1893,20/04/2010
2638,1556,16/07/2015
2068,1616,28/09/2011
2727,1642,14/09/2010
2697,1003,25/07/2013
2260,1974,22/01/2012
2470,1888,12/12/2012
2722,1153,28/11/2014
2702,1786,03/02/2012
2460,1806,21/11/2011
2413,1367,12/05/2011
2902,1865,20/02/2011
2681,1721,10/10/2014
2776,1868,02/02/2012
2103,1279,20/11/2011
2028,1536,15/02/2013
2806,1568,14/09/2014
2014,1850,27/08/2012
2369,1198,11/03/2015
2492,1788,05/06/2012
2705,1240,27/01/2012
2031,1939,24/01/2013
2667,1587,17/08/2012
2341,1339,07/11/2010
2965,1135,06/01/2014
2128,1647,28/05/2011
2444,1369,24/11/2010
2474,1559,02/02/2012
2753,1825,05/05/2013
2222,1780,02/02/2015
2984,1947,21/08/2012
2276,1395,20/04/2013
2156,1767,08/05/2011
2825,1033,16/12/2015
2004,1224,18/08/2015
2693,1349,01/04/2011
2363,1625,25/12/2011
2174,1127,05/10/2011
2980,1541,19/04/2010
2321,1485,07/06/2012
2875,1951,16/10/2010
2511,1036,27/04/2010
2919,1353,19/10/2013
2300,1046,20/03/2014
2770,1278,26/01/2013
2175,1496,01/01/2012
2729,1111,07/05/2014
2122,1059,15/04/2014
2533,1715,03/07/2010
2265,1047,23/01/2015
2520,1376,03/01/2015
2314,1134,28/04/2012
2440,1564,29/12/2015
2544,1274,10/11/2012
2220,1397,12/07/2014
2099,1136,20/11/2011
2141,1537,02/10/2010
2639,1351,13/10/2012
2062,1881,21/01/2016
2923,1810,25/03/2012
2697,1194,01/04/2016
2282,1886,05/07/2014
2323,1432,22/12/2011
2440,1855,23/08/2012
2480,1743,12/02/2013
2599,1182,19/02/2011
2503,1344,16/07/2012
2852,1365,26/12/2012
2754,1823,08/11/2015
2163,1028,18/11/2011
2548,1956,27/03/2011
2667,1649,15/03/2012
2377,1033,01/03/2013
2107,1442,17/01/2015
2274,1430,16/01/2016
2287,1765,08/03/2012
2449,1737,22/10/2011
2669,1069,18/03/2011
2208,1628,22/05/2013
2632,1182,03/07/2015
2793,1034,06/06/2012
2645,1112,28/01/2014
2419,1840,26/05/2012
2456,1262,21/05/2014
2078,1928,16/05/2014
2654,1889,21/12/2011
2773,1167,21/09/2014
2703,1509,19/08/2013
2141,1556,20/08/2014
2686,1942,10/11/2014
2418,1259,02/05/2012
2001,1065,14/10/2015
2050,1491,19/02/2014
2506,1308,16/12/2011
2161,1107,11/02/2015
2283,1698,26/05/2015
2838,1841,31/05/2010
2928,1637,28/05/2010
2913,1209,03/12/2014
2124,1995,11/10/2014
2768,1579,08/12/2011
2015,1463,03/05/2013
2790,1339,17/03/2013
2465,1473,20/09/2015
2819,1878,18/10/2014
2802,1193,13/08/2015
2614,1299,28/09/2013
2754,1643,24/01/2014
2378,1296,23/12/2011
2684,1657,02/04/2015
2592,1043,12/03/2013
2766,1969,24/10/2015
2838,1122,09/02/2012
2702,1828,16/08/2011
2230,1748,04/05/2012
2113,1435,10/01/2015
2869,1660,18/10/2013
2374,1899,30/11/2010
2365,1022,26/05/2014
2738,1824,28/04/2013
2913,1584,23/12/2015
2579,1687,27/08/2010
2719,1063,19/09/2010
2280,1628,21/08/2011
2848,1529,05/03/2016
2807,1523,05/12/2012
2779,1839,02/03/2012
2884,1812,18/11/2012
2532,1641,21/05/2011
2316,1582,09/10/2014
2811,1359,05/08/2010
2598,1205,09/10/2013
2807,1901,03/04/2016
2585,1582,26/02/2013
2269,1100,26/12/2015
2750,1827,30/05/2015
2746,1247,29/09/2011
2142,1564,23/05/2015
2311,1028,04/07/2012
2680,1936,05/02/2016
2786,1286,08/07/2014
2856,1434,16/04/2013
2804,1205,06/10/2010
2742,1433,18/04/2014
2837,1403,19/07/2012
2608,1405,24/03/2015
2413,1763,13/03/2016
2298,1311,11/12/2010
2702,1572,13/04/2013
2720,1999,03/11/2010
2857,1027,30/04/2013
2029,1132,30/01/2013
2897,1447,18/08/2012
2995,1063,27/01/2012
2556,1982,28/09/2010
2984,1136,05/02/2011
2323,1965,04/09/2013
2232,1270,19/03/2016
2524,1112,24/03/2016
2270,1627,16/11/2010
2174,1301,24/11/2010
2461,1261,11/01/2013
2204,1914,06/09/2013
2647,1949,22/05/2011
2091,1097,25/12/2014
2805,1762,04/05/2010
2442,1660,21/06/2011
2001,1358,09/02/2016
2780,1020,04/12/2014
2872,1248,14/09/2013
2604,1625,21/11/2014
2419,1633,15/12/2012
2145,1165,05/01/2014
2625,1440,24/10/2015
2698,1104,16/04/2012
2336,1257,28/07/2011
2586,1109,08/03/2016
2565,1623,19/11/2014
2232,1793,26/05/2014
2094,1689,05/07/2012
2477,1022,25/08/2014
2162,1887,02/07/2012
2184,1560,31/07/2010
2915,1242,17/03/2012
2029,1021,30/04/2011
2018,1734,20/11/2015
2586,1682,27/12/2013
2062,1913,03/04/2012
2880,1856,21/04/2014
2437,1134,10/09/2014
2938,1545,15/10/2012
2441,1394,10/05/2014
2615,1950,24/02/2014
2372,1128,17/01/2015
2138,1293,30/06/2013
2634,1827,24/08/2010
2351,1816,02/03/2015
2143,1339,01/05/2014
2218,1526,29/08/2013
2715,1180,09/05/2012
2872,1217,10/01/2014
2882,1765,13/01/2016
2580,1611,13/04/2013
2300,1667,18/06/2013
2471,1962,28/10/2011
2198,1492,25/06/2013
2851,1186,01/09/2011
2916,1952,06/12/2014
2066,1662,29/07/2012
2021,1029,25/09/2013
2782,1197,12/06/2015
2620,1736,17/08/2011
2872,1919,25/01/2015
2100,1239,31/12/2013
2503,1093,19/12/2012
2608,1420,21/02/2012
2655,1926,06/08/2013
2099,1271,17/04/2013
2280,1617,27/02/2011
2132,1812,20/06/2013
2043,1592,10/07/2012
2126,1465,03/04/2011
2389,1929,27/03/2014
2925,1279,07/07/2014
2941,1687,17/10/2014
2718,1304,14/09/2014
2699,1732,05/08/2015
2488,1185,22/06/2010
2426,1021,16/05/2013
2300,1382,24/05/2011
2127,1468,07/02/2013
2752,1543,01/10/2012
2219,1899,25/10/2012
2816,1702,10/02/2013
2950,1845,07/12/2014
2168,1103,10/01/2014
2884,1303,29/04/2012
2223,1716,18/11/2013
2929,1066,14/01/2016
2568,1131,24/08/2010
2741,1683,15/01/2012
2165,1959,26/05/2015
2517,1804,23/12/2010
2861,1589,29/04/2015
2854,1703,15/08/2015
2593,1739,23/08/2014
2569,1417,27/02/2015
2195,1904,01/04/2016
2422,1907,08/09/2015
2674,1307,11/04/2013
2596,1124,28/10/2014
2339,1822,01/02/2011
2340,1661,31/10/2011
2158,1088,16/11/2015
2024,1353,11/01/2016
2370,1795,14/03/2015
2231,1596,04/04/2014
2707,1124,07/07/2014
2345,1559,28/08/2015
2941,1673,05/06/2010
2315,1453,17/08/2015
2240,1601,27/02/2016
2152,1532,30/08/2012
2867,1654,17/08/2015
2519,1717,01/11/2011
2233,1248,17/02/2015
2393,1018,05/07/2010
2991,1092,22/10/2010
2314,1951,09/10/2013
2884,1075,16/11/2011
2291,1390,17/04/2010
2305,1962,14/03/2011
2338,1628,27/09/2011
2215,1687,05/12/2015
2317,1202,20/06/2013
2026,1896,26/02/2016
2817,1958,08/10/2011
2733,1395,27/01/2011
2590,1636,19/07/2010
2371,1504,27/12/2014
2939,1740,22/08/2015
2116,1683,16/11/2010
2323,1784,26/03/2014
2918,1690,03/09/2010
2069,1879,25/01/2013
2875,1760,09/08/2011
2015,1172,30/08/2012
2570,1446,23/04/2013
2392,1469,05/03/2011
2234,1069,23/04/2013
2553,1939,07/01/2015
2843,1944,29/11/2015
2831,1920,15/05/2013
2103,1213,02/01/2014
2632,1067,15/01/2013
2564,1232,16/12/2013
2271,1691,02/10/2012
2793,1144,08/01/2011
2878,1679,24/04/2011
2862,1039,10/11/2011
2732,1017,05/08/2013
2492,1446,06/08/2013
2656,1184,14/02/2014
2165,1828,08/03/2016
2351,1608,07/09/2012
2427,1014,22/05/2010
2080,1221,31/08/2015
2145,1875,20/09/2014
2433,1367,20/08/2011
2078,1215,09/05/2010
2758,1467,02/01/2012
2427,1956,06/07/2012
2718,1916,23/09/2015
2309,1969,31/01/2014
2428,1644,20/09/2015
2144,1192,15/06/2011
2764,1648,17/04/2011
2507,1874,27/09/2013
2269,1740,15/08/2014
2333,1976,05/10/2013
2783,1617,16/07/2010
2107,1009,22/07/2015
2062,1217,12/05/2014
2767,1586,01/08/2012
2735,1939,03/06/2014
2832,1530,24/02/2015
2424,1900,28/01/2016
2825,1789,04/03/2014
2721,1565,06/01/2012
2233,1866,23/01/2011
2774,1626,07/07/2013
2913,1910,22/07/2015
2765,1056,09/01/2016
2061,1291,25/06/2010
2452,1600,25/01/2012
2567,1343,06/02/2012
2375,1621,04/01/2016
2995,1870,07/11/2012
2241,1811,03/06/2011
2139,1753,27/03/2011
2747,1764,26/10/2012
2258,1697,25/06/2013
2614,1352,13/04/2012
2896,1687,28/07/2010
2645,1575,14/11/2011
2762,1172,22/06/2012
2925,1535,13/02/2013
2920,1007,04/04/2016
2661,1902,10/02/2012
2855,1346,05/02/2015
2585,1225,28/05/2013
2263,1626,24/10/2014
2181,1152,05/01/2016
2438,1210,19/06/2011

